title,score,num_comments,created_utc,content,sentiment,neg,neu,pos,compound
solo travel,39,67,1682514039.0,"solo travel Ciao a tutti dall'Italia!
is Slovenia safe for solo female travellers?
I'm planning on visiting Ljubljana next month, but I have no clue on what to see or do!
Any suggestions are welcome!
Also I'm a big Luka DonÄiÄ‡ stan if this could help eheh

Grazie","{'neg': 0.052, 'neu': 0.757, 'pos': 0.192, 'compound': 0.8213}",0.052,0.757,0.192,0.8213
"I'm not Slovenian, but I love traveling to Cleveland for Kurentovanje every year!",584,33,1707762479.0,"I'm not Slovenian, but I love traveling to Cleveland for Kurentovanje every year! ","{'neg': 0.306, 'neu': 0.694, 'pos': 0.0, 'compound': -0.7044}",0.306,0.694,0.0,-0.7044
Travel to Ljubljana in beginning of April,5,16,1710787427.0,"Travel to Ljubljana in beginning of April Hey everyone, you finally got me with all the pretty pictures of Slovenia.

So Im headed to Slovenia and think of using Ljubljana as a base and rent car/s for the stay, 4-5 days.

So, Ive got a few touristy questions you can help answer..

First of all, rent a car, Ive seen some suggestions on eg. Avant2go, is this just rent and drop? High availability and/or is it possible to rent for the entire stay? Any other suggestions are welcome outside of airport.

Any specific nightmare roads to avoid and suggestions on scenic routes? I thought to bring some sunshine hopefully.

One spot to visit will be Bled and Postojna/Skocjan, or both.

Thinking 1 to 2 places per day, rest will be for some  sightseeing in Ljubljana... So here it goes, anything i cant miss?

And how is the tourism in April? ðŸ˜…","{'neg': 0.027, 'neu': 0.863, 'pos': 0.11, 'compound': 0.917}",0.027,0.863,0.11,0.917
Travelling from Maribor to Ljubljana,0,14,1715031125.0,"Travelling from Maribor to Ljubljana What would be the cheapest way to get from Maribor to Ljubljana using public transport?

I can find flixbus etc. for 30ish euros but I wonder if there are any cheaper local alternatives","{'neg': 0.0, 'neu': 1.0, 'pos': 0.0, 'compound': 0.0}",0.0,1.0,0.0,0.0
Travel-sized map/atlas of Slovenia?,3,2,1713344181.0,"Travel-sized map/atlas of Slovenia? Å½ivjo, 

Iâ€™m curious if anybody knows where I might find a solid *physical* map/atlas of Slovenia. My ideal find would be all of the following, but anything similar will suffice

- pocket/travel sized
- water resistant
- shows *caves*, roads, and trails

Stay warm! Last nightâ€™s snow was a bit of a surprise ","{'neg': 0.0, 'neu': 0.812, 'pos': 0.188, 'compound': 0.8147}",0.0,0.812,0.188,0.8147
Travel advice,7,17,1688364528.0,"Travel advice Hey
I am not sure this is the right sub for it, but I want to ask for a travel advice for a friend who plans to travel alone to Slovenia :)

 My friend asked me to ask it:

I will be solo traveling to the Balkans in August for 3 weeks (21 nights), starting in Slovenia, then Croatia and flying out from Montenegro . I would be happy to hear any opinion on my itinerary and I'm very open to changes like adding/deducting days and of course to other (geographically-reasonable) destinations. I wanna focus on hiking in Slovenia and spend up to 8 days in your country (so I have enough for the rest...). In terms of budget this is a backpacking trip so staying in hostels, and taking public transportation - only buses and trains, so no car :/
Most importantly I would be happy to hear any local food recommendations in each destination if you have any!
I thought of 2 possible options so far:
Option 1:
- Ljubljana (2 nights) - flying into the city, doing the major attractions, walking tours and food.
- Postojna - day trip and then back to Ljubljana and Bled (will probably leave my luggage at the hostel and then pick it back up before heading to Bled).
- Bled + Bohinj (3-4 nights) - this is probably the main open question, currently planning to spend 2 nights in each but hear it might be better to base myself at Bled (read that there's just more to do there than in Bohinj, but Bohinj is cheaper). In that case maybe 3 nights are enough (but if I go to Postojna then 1st day is mostly full already).
I wanna do hiking (thought about Triglav but not too keen on the via-feratta and since I'm solo I prefer to stick to day trips), so I guess one full day would be for the Seven Lakes hike. What are the other recommended ones? 
- Maribor (1 night) - unsure about that, was thinking of getting to Maribor and from there to Zagreb, but I heard Zagreb is skippable (although I wanna catch a football match there). I could also skip Maribor and get to Zagreb straight form Ljubljana - that gives me another day at least in a different destination in Slovenia.
Option 2:
- Ljubljana (2 nights) - same
- Bled + Bohinj (3-4 nights) - same, and then going to Postojna on the way to Piran (maybe also Skocjan, but idk how many caves I would wanna visit in one day :D)
- Piran (1 night) - Get to Croatia from there (to Rovinj/Pula). Piran looks really nice but I am worried it might be similar to what I'll see on the Croatian coast, so it might be better to get more from what Slovenia has to offer that other countries don't? I could be totally wrong of course.
I'm sure there are other destinations I missed, so please let me know. I really wanna get to Logar valley for example as it looks amazing, but it seems it's not very accessible.
 Also I wanted to know how crucial it is to book accommodation (hostels) in advance? (and possibly other stuff too), I'm used to booking hostels 1-2 days in advance when traveling but since this is Europe in peak season I'm guessing I gotta plan ahead more.
Thanks a lot!! :)","{'neg': 0.054, 'neu': 0.828, 'pos': 0.118, 'compound': 0.9927}",0.054,0.828,0.118,0.9927
Advice on my travel plan!,4,2,1708446746.0,"Advice on my travel plan! Hello everyone!

I am planning with a group of friends a trip in Slovenia in April. So far, this is a rough idea of what I was planning to do. We're gonna do a roadtrip (from Bologna, Italy to Trieste and then stay in Slovenia). This is the plan:

\- day one: arriving in Trieste (evening)

\- day two: Trieste (morning) - Skojcjan Caves (afternoon) - Lubiana (evening and sleep)

\- day three: from Lubiana to Velika Planina + Valle Logarska (sleeping here)

\- day four: from Velika Planina to Bled AND Bohinj (not sure if sleeping here or returning back to Lubiana)

\- day five: Lubiana

I would like some advice about how much time should we spend in each location and if it's right what I planned. I would also like some advice on some typical things to do around these places. It's a nature-oriented trip.

Also: is it worth staying in Velika and Bled/Bohinj for sleeping?

Any advice appreciated!! Even about different location! ","{'neg': 0.0, 'neu': 0.901, 'pos': 0.099, 'compound': 0.941}",0.0,0.901,0.099,0.941
Aussies travelling Slovenia,37,63,1656048667.0,"Aussies travelling Slovenia Hi there , august 13-20 I will travelling through Slovenia with my mate . Any places you suggest to go ? Including parties etc !! 

Cheers","{'neg': 0.0, 'neu': 0.783, 'pos': 0.217, 'compound': 0.7494}",0.0,0.783,0.217,0.7494
June/July and how busy does Slovenia gets for traveling,1,24,1711612962.0,"June/July and how busy does Slovenia gets for traveling I've been to Slovenia a few times some years ago, but always outside of high season and I loved it.

This year, I'm thinking of driving around with my partner and camp in some places, as well as visiting some towns. Nowadays, everything is fully booked everywhere in popular destinations, but I wonder how busy do things get in Slovenia, mostly in the mountains, at the end of June, beginning of July. Do we need to book camping in advance? I know that some accommodations will have to be booked but is camping as well getting into this crazy traveling spree we see in a lot of other countries?  
I've been trying to search online but I couldn't find much.

Thank you","{'neg': 0.045, 'neu': 0.85, 'pos': 0.105, 'compound': 0.8563}",0.045,0.85,0.105,0.8563
Traveler using Bus to Get Around,6,4,1710861630.0,"Traveler using Bus to Get Around Apologies I only speak English!

Planning a trip this July, but researching bus lines to get around the country from Ljubljana to Bovec and the Soca River valley. Can anyone point me to a reliable bus line? I found one site but no schedules/only error messages pop up when I try to get a sense of schedules between locations 

Thank you for any advice or help! ðŸ™","{'neg': 0.084, 'neu': 0.819, 'pos': 0.097, 'compound': 0.2579}",0.084,0.819,0.097,0.2579
Is it wise to travel at the moment ?,15,22,1691500417.0,"Is it wise to travel at the moment ? Hello people! 

Excuse me for the English post but I couldnâ€™t find any other subReddit to ask Slovenian opinions ðŸ˜….

First of all, sorry to hear about the terrible floods situations. Sending positive thoughts and prayers ðŸ™ðŸ½ 

So I am scheduled to take a trip to Lake Bled this Friday and visiting Llubjana in passing on Sunday. We actually plan to stay for 2 nights in Zagreb(Croatia) in between. 

Google maps show that there is no serious problem with our routes as the locations seem to be far away from affected regions. 

But Google and news wonâ€™t report everything and anything also so I wanted to ask if itâ€™s alright to be travelling ðŸ§³ in the first place even to regions which is not directly affected. I can imagine that itâ€™s already quite hard for a small country to mobilise all the efforts required. 

The problem is my conducted tour company is saying that there shouldnâ€™t be an issue at all and by now itâ€™s too late to ask for normal cancellation also ( they are obviously not offering full refund for trip they feel has no issues )

Itâ€™s kinda sad how underreported this news is however given how devastating the floods looks like. 

So should I anyways make the trip or fight it out with my travel agent to give refund Is my dillemma .","{'neg': 0.151, 'neu': 0.795, 'pos': 0.054, 'compound': -0.9753}",0.151,0.795,0.054,-0.9753
Some travel questions,2,3,1690549407.0,"Some travel questions Hello everyone,

We're going on vacation and I wanted to ask a few questions before we left.

1. What is September like for you? What temperatures to expect? Does it usually rain a lot?

2. Is the country friendly to cyclists?

3. How big are the differences in the terrain and will casual bikers be able to handle it? Or is there a lot of hills and we'd rather die trying haha?

4. What castles do you recommend visiting?

5. Apart from castles, what else is worth seeing while visiting you?

&#x200B;

Thank you!","{'neg': 0.036, 'neu': 0.79, 'pos': 0.173, 'compound': 0.9145}",0.036,0.79,0.173,0.9145
Travel options for an Erasmus student,2,19,1682510763.0,"Travel options for an Erasmus student Hello friends, I'm going to join an Erasmus programme in Ljubljana next year. I also want to visit other countries during this time. I did some research about means to travel, but I have some specific questions.

Ryanair - Apparently Ryanair doesn't operate in Slovenia. What do Slovenians do if they want to use Ryanair? Do you travel to nearby cities like Zagreb and Trieste in order to fly from there (to Germany, Scandinavia etc)? Are there any other cheap international options from Ljubljana? Most times I'm gonna have a backpack so I don't need additional luggage

Flixbus - Do Slovenians often use Flixbus? I also found this website. [https://www.ap-ljubljana.si/en/international-travel/](https://www.ap-ljubljana.si/en/international-travel/)

Prevoz - Is this used mainly for travels within Slovenia? I guess I need to use Google translate to use the website, but are people open to accept foreigners too? I'm a woman btw.

BlaBlaCar - I used this often in my country. Is it common in Slovenia? Especially to nearby cities like Venice.

Trains - Is traveling to other countries from Ljubljana common? I also found this website [https://www.interrail.eu/en/plan-your-trip/tips-and-tricks/trains-europe/trains-country/trains-slovenia](https://www.interrail.eu/en/plan-your-trip/tips-and-tricks/trains-europe/trains-country/trains-slovenia)

Thank you very much. Your answers will help me arrange my budget for traveling.","{'neg': 0.0, 'neu': 0.88, 'pos': 0.12, 'compound': 0.9679}",0.0,0.88,0.12,0.9679
Slovenian photographer AndreJa Ravnak has been named the Travel Photographer of the Year 2023,115,11,1706111174.0,Slovenian photographer AndreJa Ravnak has been named the Travel Photographer of the Year 2023 ,"{'neg': 0.0, 'neu': 1.0, 'pos': 0.0, 'compound': 0.0}",0.0,1.0,0.0,0.0
Traveling to SeÅ¾ana from Serbia,2,15,1693817975.0,"Traveling to SeÅ¾ana from Serbia Hello Neighbours!

I'm planning a 5-day trip with my girlfriend to SeÅ¾ana and its surrounding areas, and I'm particularly interested in exploring the south-western part of Slovenia.  Could anyone recommend some must-see places, hidden gems, or unique experiences accessible by bus or car from SeÅ¾ana?  I'd love to hear your suggestions, tips, and any travel advice you might have for this beautiful region. Thanks in advance!   Currently on the list to visit are  Postojnska jama and Å kocjanske jame.","{'neg': 0.0, 'neu': 0.812, 'pos': 0.188, 'compound': 0.9572}",0.0,0.812,0.188,0.9572
"Travelling by bike.. floods, bears and interesting accomodation/camping?",32,30,1692201914.0,"Travelling by bike.. floods, bears and interesting accomodation/camping? Hello! Iâ€™m planning on *probably* following this route through your beautiful country. Another user suggested I post here asking if any of these areas will be too affected by floods to ride through in the next few weeks?
 
Also, bears? Iâ€™m from Australia and we have nothing deadly like bearsâ€¦ ðŸ™„ Would I chance upon one on this route? (I donâ€™t really want to ðŸ˜…)..

And.. could anyone recommend any interesting farm stays, camping, alternative accomodation? But also, whatâ€™s camping like in Slovenia? Any websites or anything to know? Iâ€™ve been wild camping everywhere in Europe so far because campsites have been very expensive. 

Annnndâ€¦ food to try?? I canâ€™t have animal milk or cheese though :(

I apologise for all the dumb touristy questions but Iâ€™d like to hear it from you guys, not random internet articles.. If it helps, Iâ€™m a 28 year old male from Australia. I like riding my bike (obviously), climbing, gardening/permaculture and music of all sorts. 

Thanks a million!","{'neg': 0.1, 'neu': 0.78, 'pos': 0.12, 'compound': 0.4099}",0.1,0.78,0.12,0.4099
Budapest -> Slovenia travel recommendations request,4,6,1693053407.0,"Budapest -> Slovenia travel recommendations request Hi everyone.

Me  and my partner are thinking of going to Slovenia but unfortunately  there arent flights from our country to Slovenia directly so we got a  flight to Budapest and are planning to go from Budapest to Slovenia and  then back to Budapest for our flight back (all in all its going to be 10  days)

We were thinking of getting  a car in Slovenia to visit all the natural beauties and taking the bus  from Budapest to Slovenia and back.

Then I noticed that driving would take a bit less time on Google maps and through of the idea of driving instead.

A few questions as a result:

1. Are  there interesting things to see along the road from Budapest to  Slovenia?  i think we would take E71 from Budapest if so, can you list a  couple of them ? It appears that this way we would enter Slovenia  through the city of Maribor.
2. Can you recommend a car rental company to use in both Budapest and Slovenia?
3. Do  you know if it is even possible to get a car and drive it across the  boarder from Hungry to Slovenia and then maybe returning it over there?
4. Do  you think that its needed to rent a car in Slovenia to get to all the  cool places there? how limiting is the public transportation over there?
5. Can  you suggest an itinerary for things to do in Slovenia ? even things  that arent very common among tourists? I would love to go so small  villages (as long as it is safe) and sleep there to see the rural side  of Slovenia , not only the big names and cities.
6. Any other suggestions or recommendations , Thank you!","{'neg': 0.01, 'neu': 0.898, 'pos': 0.091, 'compound': 0.9794}",0.01,0.898,0.091,0.9794
Travelling into Italy,3,8,1690292066.0,"Travelling into Italy Hey everyone! Iâ€™m currently in the process of booking a trip, travelling a few places in Europe by train/bus. I have accommodation booked in Ljubljana until the beginning of October, then was planning to head to Italy. I was hoping to get from Ljubljana to Florence in one day, but am having a bit of trouble figuring out whether thatâ€™s possible. Are the trains/buses from Ljubljana across the border consistent and running every day? And do they run in the morning? I would like to avoid a night train/bus so that I could potentially hop onto a high speed train from wherever it takes me to Florence.","{'neg': 0.064, 'neu': 0.889, 'pos': 0.047, 'compound': -0.4314}",0.064,0.889,0.047,-0.4314
Travel recommendations?,13,24,1650173584.0,"Travel recommendations? I will be visiting Slovenia in June and would welcome any recommendations about the following:

1.  Great small towns to visit in eastern Slovenia:   Iâ€™ve spent a decent amount of time in Ljubljana and points west/south and will spend a week based in the east to explore that part of the country. Looking for quaint small towns that wouldnâ€™t necessarily be mentioned in a travel guide.  

2. St. Johnâ€™s Eve/Ivan Kupala celebration:  do any of the cities/towns in the east do a bonfire for midsummer?  Someone told me this takes place in Ljubljana but Iâ€™ll still be east at that time. 

3.  Statehood Day:  Iâ€™ll be in Ljubljana on 25 June. Will there be any events taking place that day that I should consider going to?  

Thanks so much for any suggestions. Am excited to return to Slovenia this summer.","{'neg': 0.0, 'neu': 0.916, 'pos': 0.084, 'compound': 0.9009}",0.0,0.916,0.084,0.9009
Travelling through Medvode,11,6,1691244520.0,"Travelling through Medvode Does anyone know what kind of situation is in Medvode? Especially the Sora Bridge leading to Ljubljana, is it safe to pass over. 

I wanted to travel this evening to Ljubljana but not sure if is it safe yet to do so. Thanks! 


I am looking at Promet. si site and it seems fine, mot sure about Medno tho. The road is red.","{'neg': 0.064, 'neu': 0.76, 'pos': 0.176, 'compound': 0.8597}",0.064,0.76,0.176,0.8597
[Travel] Accommodation: western Slovenia for around $40-$70 a person in July?,5,3,1709858907.0,"[Travel] Accommodation: western Slovenia for around $40-$70 a person in July? Hello! My gf and I are doing some trip planning for Slovenia in July. We will be doing a night to Ljubljana to start, preferably a night in the upper west region portion of Slovenia, and perhaps a night by the coast before returning to Ljubljana. We are both in our early 20s and will be renting a car to see the western portion of the country for about 3-4 nights. 

We have looked at mountain huts, farm stays, traditional hotels, but still feel a bit lost. Would love some input from others!! Thank you. ","{'neg': 0.027, 'neu': 0.882, 'pos': 0.091, 'compound': 0.8392}",0.027,0.882,0.091,0.8392
Is it a good time to travel to Slovenia?,11,9,1693162952.0,"Is it a good time to travel to Slovenia? I want to travel to Ljubljana, Kranj, Bled, Maribor in 2 weeks. Can you please tell me if it is a good time, will it be problematic to travel and also hike because of the recent floods? ","{'neg': 0.058, 'neu': 0.745, 'pos': 0.197, 'compound': 0.7059}",0.058,0.745,0.197,0.7059
Travelling from Bohinj to Ljubljana,12,8,1691221803.0,"Travelling from Bohinj to Ljubljana A couple friends and I have been hiking on Triglav the past few days and spent last night in Bohinj. We had planned to travel to Ljubljana by bus today for another 3 nights before our flight on Tuesday, but are weighing up whether we just stay put for another day for obvious reasons. It seems to be easing off today, would it not be a good idea to travel?
Thanks.","{'neg': 0.039, 'neu': 0.855, 'pos': 0.106, 'compound': 0.6475}",0.039,0.855,0.106,0.6475
Suggestions to choose a base area for exploring the alpine region - traveling without car,1,8,1716454137.0,"Suggestions to choose a base area for exploring the alpine region - traveling without car 
Hello/Zdravo, I am planning to visit Slovenia in the last week of August for 7-9 nights . 
I have made a list of places I would like to visit based on videos/blogs and reddit threads.
I will be traveling solo and I do not drive so I will be traveling by public transport. 
Iâ€™m slightly stuck at what would be the best place to choose as a base and stay a couple of nights so I can cover the following places without having to change accommodations frequently. 
Please could you suggest an area that fulfill this criteria

Places Iâ€™m looking to visit (Iâ€™ve grouped them based on places that are close to each other)

Group 1 
1. Lake Bled
2. Vintgar Gorge

Group 2 
1. Lake Bohinj
2. Savica waterfalls 

Group 3
1. Tolmin Gorge
2. Kozjak Waterfall 

Group 4
1. Lake Jasna and Kranjska Gora
2.Pericnik Waterfall 

Group 5 
1. Kranj
2. Logar Valley


Q: Considering I want to cover all of these places without moving hotels frequently would Bled be a suitable place to stay at for 5 nights and cover each of these groups each day? 

Q: Is this possible with buses/ trains?

Q: Should I split my stay to 2 places which would help with  commute 

Q: should I do either Tolmin or Vintgar if theyâ€™re similar?

Q: should i add or remove from this list?

Apart from this Iâ€™ll be staying in Ljubljana for 2 nights and doing Postojna and Predjama 

I am not looking to add coastal places in this trip


Thanks for reading and looking forward to the suggestions 






","{'neg': 0.006, 'neu': 0.92, 'pos': 0.074, 'compound': 0.9521}",0.006,0.92,0.074,0.9521
Travel Question: Bled to Villach?,7,9,1676224744.0,"Travel Question: Bled to Villach? Å½ivjo Slovenci! I have a transport question and I don't know where else to ask, so I was wondering if you guys could help me.

On 19th March I am planning to travel from Ljubljana to Villach in Austria, stopping at Bled for a few hours. I can't find reliable train timetables online and I don't speak Slovenian, so the websites are very confusing. 

Is there a train which runs, particularly on a Sunday, and where can I reliably find the train times?","{'neg': 0.055, 'neu': 0.912, 'pos': 0.033, 'compound': -0.1889}",0.055,0.912,0.033,-0.1889
Travel to Slovenia,6,8,1663888116.0,"Travel to Slovenia Hello my dear neighbors!
 I want to come for a visit that will last 15 days.
 Which places do I have to visit?
 Which city is geographically in the best position for touring the country?
 Will â‚¬2,500 be enough for one person?","{'neg': 0.0, 'neu': 0.814, 'pos': 0.186, 'compound': 0.8373}",0.0,0.814,0.186,0.8373
Advice for Slovenia travel in April,6,8,1676832801.0,Advice for Slovenia travel in April Hello friends! A group of us (3 couples) are traveling to Slovenia and Austria in April. We have 2 days reserved for Ljubljana and Lake Bled. Since they are quite close to each other we've been debating where to stay. I figured the capital has a little bit more to do so our original plan was to stay 2 nights in Ljubljana and doing a day trip to Lake Bled. But maybe its wiser to do one hotel in each city?  Or a 3rd option we can get a huge house/villa on the river in Lake Bled and do a day trip to Ljubljana. We will be in Hallstatt for 3 days before this though so maybe its good to be in the city for a bit after. Any thoughts would be very much appreciated!,"{'neg': 0.0, 'neu': 0.865, 'pos': 0.135, 'compound': 0.96}",0.0,0.865,0.135,0.96
Traveling between Ljubljana to Graz,8,10,1682242628.0,"Traveling between Ljubljana to Graz Greetings from Singapore!

I am planning to visit your beautiful country in August and I have a concern about the short connection time between trains. Based on my research, it appears that there will be two transfers involved. The first transfer will be at Maribor, followed by the second transfer at Spielfeld-StraÃŸ Bahnhof (Vorplatz). The transfer time at both stations is less than 10 minutes.

Would this itinerary be possible or should I consider other transportation options? Additionally, what happens if I miss the transfer?

Thank you :)","{'neg': 0.016, 'neu': 0.852, 'pos': 0.132, 'compound': 0.9053}",0.016,0.852,0.132,0.9053
Travelling to Slovenia: any feedback on my itinerary?,38,47,1645356778.0,"Travelling to Slovenia: any feedback on my itinerary? Hello dear Slovenians,

I'm from Belgium and I'm currently planning a 2 week trip with my partner in August to your beautiful country. We'll be renting a car to get around.

We're mostly interested in the nature of Slovenia and prefer to take our time to travel rather than trying to see as much as possible.

I've created the following itinerary:

Day 1: Brussels Airport -> Ljubljana Airport -> Ljubljana: we'll be arriving in the late afternoon so I feel like it's best to just pick up the car and take a short drive to Ljubljana to spend the night.

Day 2: Ljubljana - Piran/Koper

Day 3: Piran/Koper

Day 4: Piran/Koper -> Bovec (visit Tolmin Gorge on our way)

Day 5: Bovec

Day 6: Bovec

Day 7: Bovec -> Kransjka Gora (through Vrsic Pass)

Day 8: Kransjka Gora

Day 9: Kransjka Gora: Lake Jasna

Day 10: Kransjka Gora -> Bled/Bohinj

Day 11: Bled/Bohinj: visit Bled

Day 12: Bled/Bohinj: Visit Bohinj

Day 13: Bled/Bohinj: visit Vintgar Gorge -> Ljubljana

Day 14: Ljubljana: Spend a day in Ljubljana

Day 15: Ljubljana -> Brussels


Any opinions on this itinerary? Are we travelling too slow? Should we spend some time in the east of the country instead? Should we skip Piran/Koper and go elsewhere instead? Are we spending too many nights in Ljubljana?

My reason for spending so much time in Bovec, Kransjka Gora and Bled/Bohinj is that it just wows me when I'm looking at pictures. Also I feel like it shouldn't be a problem at all to fill our days there with hiking, canyoning/rafting/kayakking, etc. without having to worry about leaving in time for our next destination.

Should I stay in Koper or Piran? And Bohinj or Bled? It's only a 20 minute drive so I feel like we can just stay in one of the 2.

___

Honestely any feedback and tips (food, activities, extra places to stay,...) are welcome.

Thank you in advance!

______________________

Edit: Thank you all for your recommendations, all your input has helped me to make some additional plans and change my itinerary to something even better.

Right now I've changed it to the following:

Day 1: Home -> Ljubljana -> Pick up rental car -> Spend the night in Kranj

Day 2: Kranj -> Predjama Castle -> Rakov Skocjan -> Piran

Day 3: Piran, Koper, Portoroz. Not sure if we'll even need a full day here.

Day 4: Piran -> Skocjan Caves -> Dobrovo

Day 5: Dobrovo -> Tolmin Gorges -> Bovec

Day 6: Day in Bovec, walking/hiking/water activities. 

Day 7: Day in Bovec, walking/hiking/water activities. Potentially drive back to Kobarid. Perhaps get rid of this day all together.

Day 8: Bovec -> Vrsic Pass -> Zelenci -> Planica Zipline -> Martuljski Waterfalls -> Spend the night in this area

Day 9: Area -> Pericnik Waterfalls -> Vintgar Gorge -> Bled -> Bohinj

Day 10: Bohinj

Day 11: Bohinj -> Maribor

Day 12: Maribor -> Ptuj -> Maribor

Day 13: Maribor -> Ljubljana

Day 14: Spend a day in Ljubljana

Day 15: Ljubljana -> Home

If I scrap a day in Bovec and Piran I'd even have more time to go elsewhere. I'll think about it.","{'neg': 0.004, 'neu': 0.917, 'pos': 0.079, 'compound': 0.9903}",0.004,0.917,0.079,0.9903
Ko time traveller kupi rogljiÄek,96,9,1669273496.0,Ko time traveller kupi rogljiÄek ,"{'neg': 0.0, 'neu': 1.0, 'pos': 0.0, 'compound': 0.0}",0.0,1.0,0.0,0.0
How to travel Ljubljana to bled ?,7,25,1651139882.0,"How to travel Ljubljana to bled ? Hi, I'm an alone french traveler, I will go in Slovenia the 5 to 12 june, and I'm watching how to go from capital to bled and I don't find some clearly information on Internet and the price are sooooooo expensive like 60euros just the one way.
But I saw informations that for 7-10 euros you can take bus but I never saw a single Web site with that price.
Please help me to find a solution:)","{'neg': 0.038, 'neu': 0.862, 'pos': 0.1, 'compound': 0.7287}",0.038,0.862,0.1,0.7287
Traveling advice,8,5,1669133517.0,"Traveling advice Hello, I am planning a trip to Slovenia with my girlfriend and we would like advice how to best set it up per day. We have 3 full days (friday - sunday) and we are staying in Ljubljana. We are traveling from Zagreb.

Here is a list of things we would like to visit:  


* Postojna cave ( Predjama castle )
* Skocjan cave
* Lake Bled ( Bled castle )
* Soteska  Vintgar
* Anything you recommend

Also recommendations for Ljubljana in terms of breakfast/dinner, cocktail/bar and in general things to do while there.

My initial idea was that we visit both caves before we come to Ljubljana but I am worried that might not be possible due to reservation times. So how would you configure your 3 day trip to Slovenia to maximize exploration but also have time for enjoying coffee, eating and drinking in Ljubljana.

We are open for suggestions regarding anything.","{'neg': 0.018, 'neu': 0.884, 'pos': 0.098, 'compound': 0.875}",0.018,0.884,0.098,0.875
"I'm planning to travel to your country, can you give me some information about it?",29,27,1680602713.0,"I'm planning to travel to your country, can you give me some information about it? Hello! 

I am planning on travelling to your beautiful country this summer (in August). And I am here to ask a few questions about your country, I will be traveling by car so my first question is, if I need to buy some kind of a road tax and if I can buy it online? Second, I know that it's kinda hard to answer but, would 1000-1300 euros be enough for a 7 day trip (for 2 people) I was thinking of maybe staying in Ljubljana and just go from there with the car around. Third, if I stay in Ljubljana, what are the best places to visit which aren't really far from the city? Fourth, is it worth it for me to go all the way down to the sea side, are there some nice beaches? (I will be coming from Romania so I'm coming from the other side of the country). Fifth, I know that it should be safe all around, you guys are also Slavic just like us so I'm not really worried that I will run into any other situations than what we have in Romania, but should I be aware of anything? 

Sorry for the long post, and thanks in advance for your answers!","{'neg': 0.011, 'neu': 0.861, 'pos': 0.128, 'compound': 0.9833}",0.011,0.861,0.128,0.9833
travel restrictions when pregnant,0,22,1630689247.0,travel restrictions when pregnant do unvaccinated pregnant woman have the same travel restriction as non pregnant people? do they have go into quarantine for 14 days or does it count as a contraindication and a 72h pcr suffices?,"{'neg': 0.066, 'neu': 0.934, 'pos': 0.0, 'compound': -0.3527}",0.066,0.934,0.0,-0.3527
Any inside tips travelling in Slovenia? :),2,2,1689178172.0,"Any inside tips travelling in Slovenia? :) Hey together 

Me and two buddies are camping from Monday on for 5 days in Slovenia and start near tolmin. We would like to explore the beautiful nature and hike a little (relaxed trails and not too demanding). Also, we would like to visit Ljubljana. 

Do you have any must-sees or insider tips for us away from the tourist attractions? :) 

Many thanks ðŸ™","{'neg': 0.0, 'neu': 0.744, 'pos': 0.256, 'compound': 0.9636}",0.0,0.744,0.256,0.9636
Travelling on slovenian rail with a bike.,2,5,1684357066.0,"Travelling on slovenian rail with a bike. Hello everyone,  

I'll be traveling through Slovenia in June and I'd like to take it on a train. I've found the connection on [https://potniski.sz.si/en/](https://potniski.sz.si/en/) , from Koper to Ljublana and next to the train number there is an icon indicating that it is possible to take a bike with you.

 But when I click to buy the ticket it transfers me to [https://eshop.sz.si/](https://eshop.sz.si/) and there there is no option to reserve a bike spot. And I can't find it on any other train. Do I have to buy that separately somewhere else? Do I pay directly to the conductor in the train? Any help would be greatly appreciated.","{'neg': 0.038, 'neu': 0.861, 'pos': 0.101, 'compound': 0.8074}",0.038,0.861,0.101,0.8074
[Travel Advice Request] First time in Slovenia with my partner for 1 week in January,4,4,1697972919.0,"[Travel Advice Request] First time in Slovenia with my partner for 1 week in January Hi! I am a 26M from Southeast Asia traveling to Slovenia with my partner for a week in January. Absolutely no idea what to expect, except for the beautiful scenery and away (relatively) from the crowd. 

Something we would be interested to do is to learn Skiing/Snowboarding (we are absolute beginners), and perhaps getting a rental car to drive around Slovenia/Austria in search of more slopes while traveling around. Any recommendations for beautiful slopes that is not too crowded would be very much welcomed! I read on another Reddit post that Cerkno would be a great place for us to start, but let us know what you think!

Another thing we are absolutely thrilled about is the food and drinks. If you would only recommend us 1 food dish and 1 drink to try, what would you recommend?

I understand that visiting ""touristy places"" is a must as a tourist, but we would also love to experience the Slovenian culture firsthand. Is there anywhere you, as a local, would recommend us to visit?

Other than that, I would also just like to check if there is anything else I should keep in mind, for example language-wise (my first language is English), culture, transport, or anything under the sky. 

Thank you!!","{'neg': 0.007, 'neu': 0.829, 'pos': 0.164, 'compound': 0.9893}",0.007,0.829,0.164,0.9893
Krain (Carniola) travel poster by the Austrian State Railways,281,7,1616140612.0,Krain (Carniola) travel poster by the Austrian State Railways ,"{'neg': 0.0, 'neu': 1.0, 'pos': 0.0, 'compound': 0.0}",0.0,1.0,0.0,0.0
Travel: piran - parking space,2,3,1663260473.0,"Travel: piran - parking space Hi everyone,
Iâ€˜m on vacation here in slovenia (love it so far) and will arrive in piran tomorrow afternoon. Iâ€˜m here with my car and the accomodation is recommending a parking lot for 24â‚¬/day.

Any tips as to where i can park more cheaply?

Thanks :)","{'neg': 0.0, 'neu': 0.877, 'pos': 0.123, 'compound': 0.7537}",0.0,0.877,0.123,0.7537
Best ways to travel around Slovenia?,12,7,1657663998.0,"Best ways to travel around Slovenia? Iâ€™m visiting your beautiful country in August and would like to see as much as possible.

Iâ€™ll be flying to Ljubljana and would like to visit your coastline before travelling up to Bled.

Is there a train that would take me to these places?

Or are taxis or buses reliable and fast?

Any recommendations are greatly appreciated!

Hvala za vaÅ¡o pomoÄ!","{'neg': 0.0, 'neu': 0.774, 'pos': 0.226, 'compound': 0.9573}",0.0,0.774,0.226,0.9573
Solo Traveling for 5 Days: Car Rental or Campervan Recommended?,3,3,1692040269.0,"Solo Traveling for 5 Days: Car Rental or Campervan Recommended? Greetings!

I am traveling by myself to your beautiful country next month and am looking to do a 5 to 6 day road trip.  I have definitely decided on renting a vehicle for ease of getting around to all the different sights but I am currently trying to decide if it may be worth the cost of renting a motorhome or if it makes more sense to rent a car.

I very much love the outdoors so the thought of renting a motorhome sounds ideal in that I won't have to worry about transferring my luggage in and out of a car to a hotel/hostel each day.  I also thought this might allow for greater flexibility if I decide that I want to spend more time in one place than I had originally intended, or, if I wanted to change plans last minute.

Of course I am thinking it will likely be more costly to rent a motorhome versus a car but was wondering if anyone had recommendations as to which they think may be a better option for a solo traveler?

It looks like there is an extensive network of motorhome campsites to park at overnight but I wasn't sure how much these costs per night and additionally, if reservations typically needed to be made in advance?

Thanks so much for any suggestions/advice, they are greatly appreciated!

Cheers!","{'neg': 0.018, 'neu': 0.757, 'pos': 0.226, 'compound': 0.9946}",0.018,0.757,0.226,0.9946
Traveling between countries,14,10,1641687383.0,"Traveling between countries Hi question for people who know about the current situations in Europe. I am considering traveling to slovenia in late may, early June for about 2 weeks from the USA

I have two questions

1.) Visiting Venice during the trip. Is movement across the border easy, or restricted?  We all have our vaccines. But I am thinking about best practices and planning. Is Austria easy to travel in and out of? 

2.) Zagreb VS Ljubljana: Croatia appears to have more flights and is a little bit cheaper to fly in and out of. Is that just extra work or does it make sense for travelers?","{'neg': 0.016, 'neu': 0.877, 'pos': 0.107, 'compound': 0.907}",0.016,0.877,0.107,0.907
Traveling from Bled to Triglav,2,10,1658013725.0,"Traveling from Bled to Triglav Hello, Iâ€™m planning on visiting Bled this August and was hoping to climb Triglav via the north face starting at AljaÅ¾ev sim v Vratih. I was wondering if there were any good ways to reach AljaÅ¾ev dom from Bled and and then return to Bled in the evening as Iâ€™m planning on completing the climb in 1 day. I would hate to complete the climb and get stuck walking the 40km back to
Bled in the dark. I am taking the Train to Bled so I will not have a car. Thank you for any advice!","{'neg': 0.079, 'neu': 0.855, 'pos': 0.066, 'compound': -0.3187}",0.079,0.855,0.066,-0.3187
is E652 toll free? Advice needed for travel,9,11,1652265970.0,"is E652 toll free? Advice needed for travel Hello all, I will be visiting your beautiful country and Lake Bled in June. I will be traveling from Bratislava. It seems it's just extra 20 minutes of driving when I avoid tolls in Slovenia. I plan to go south from Klagenfurt. 

However I am a bit confused and want to double-check something. If I check the routes from Klagenfurt to Bled with or without tolls, both go through E652 and then you either take Podbrezje exit to avoid tolls or you continue to A2/E61.

However E652 is marked as a toll road if I use the route with tolls, and without tolls it doesn't say it's a toll road but since it's the same road, is it really without tolls?

And if I accidentally do end up on the highway, what is my best course of action? Can I buy the vignette at the nearest gas station if that would happen or I am screwed and the first camera will get me and I will get a fine?

Many thanks for any advice.","{'neg': 0.066, 'neu': 0.835, 'pos': 0.099, 'compound': 0.8079}",0.066,0.835,0.099,0.8079
"Presidents of Czechia and Slovakia often travel together, this time they also 'carpooled' with president of Slovenia",51,10,1684341095.0,"Presidents of Czechia and Slovakia often travel together, this time they also 'carpooled' with president of Slovenia ","{'neg': 0.0, 'neu': 1.0, 'pos': 0.0, 'compound': 0.0}",0.0,1.0,0.0,0.0
Traveling to Slovenia in July - have some questions!,6,25,1648159135.0,"Traveling to Slovenia in July - have some questions! Hey all,
As the title says I'm traveling with 8 friends to your beautiful country in July. Flying into Ljubljana and renting a couple of cars and an Airbnb for us to stay in for 10 days.

As such I have some questions:

* Credit card vs cash - which is more commonly used, and how supported are contactless payments?
* What is the tipping culture like?
* Is there any good company that offers a prepaid eSIM?
* What are some must visit places? (Both on and off the beaten path)
* Are there any things I should know before the trip?

Thanks a ton for reading this through!","{'neg': 0.023, 'neu': 0.8, 'pos': 0.177, 'compound': 0.958}",0.023,0.8,0.177,0.958
Should I bring or use these charging stations in Slovenia upon travel?,3,10,1670457252.0,"Should I bring or use these charging stations in Slovenia upon travel? I have these charging stations from the USA, only compatible with 110-25v. I'm certain that all Slovenian homes support **230v** **- 50Hz** in their electrical grid. I wanted to use both devices to charge my laptop, phone, and cameras as well as have a portable plug outlet on the go while staying in a hotel or plugging it in public spaces where plug sockets are available.

Also, this  item isn't available outside the US. Japan also has the same item with only 2 prongs without a ground. I've seen videos of tech YouTubers based  in the US reviewing both chargers as part of the GanPrime lineup released by Anker eg. ([Anker 727](https://www.youtube.com/watch?v=QXkyhRhRN9g) & [Anker 615](https://www.youtube.com/watch?v=CueEw0BrGoo)), as pictured have built-in AC outlets (Type B), only capable of supplying **125v - 60Hz**  when plugged into a socket, I think this product is made for Japanese or American consumers only, for some reason Anker didn't remake both  products for other countries.

I  bought a step-down transformer from Australia (240 > 110v) during the time I was there, would that also be required before traveling to Ljubljana or Maribor to prevent a blown fuse and electrical fires  during a potential visit for using both charging stations:

* [Travel Adapter](https://www.amazon.com.au/dp/B0924JY4K2/ref=twister_B0BFCCXM2N?_encoding=UTF8&th=1) for Europe (Type I to F)
* [Transformer](https://www.8zed.com/product/500w-step-transformer/) (Type I Plug) or [Voltage Converter](https://www.amazon.com/Voltage-Converter-International-European-Countries/dp/B074QLCKW6/ref=sr_1_18?crid=3EKGOKB87VS79&keywords=voltage+converter&qid=1666161892&qu=eyJxc2MiOiI1LjYyIiwicXNhIjoiNS4yOCIsInFzcCI6IjUuMDEifQ%3D%3D&sprefix=voltage%2Caps%2C395&sr=8-18) (Step-down from 230v > 110v)

I bought them for:

* Anker 615 - $69.99 \[66.60â‚¬â€Ž\] - 2 AC outlets built-in  (compatible with type A or B plugs only: US / JP)
* Anker 727 - $94.99 \[90.40â‚¬\] - 2 AC outlets built-in (compatible with type A or B plugs only: US / JP)

[ User Manual for both Charging Stations  ](https://preview.redd.it/j07yi3hbck4a1.jpg?width=3024&format=pjpg&auto=webp&s=945a84fe378733c452a0fe7c0a50b1c17f1fc3b1)

[ Anker GanPrime 65W Charging Station \[Input & Output: 125v - 60Hz\]  ](https://preview.redd.it/0vymilhhck4a1.png?width=885&format=png&auto=webp&s=10bb5e1361bb101353d85d06464626b9132d88a7)

[ Anker 727 Charging Station \(GanPrime 100W\) \[Input & Output: 125v - 60Hz\]  ](https://preview.redd.it/2t63ks4jck4a1.png?width=986&format=png&auto=webp&s=2236e66f10fee10a01442ceaab106ea493142577)","{'neg': 0.0, 'neu': 0.959, 'pos': 0.041, 'compound': 0.8611}",0.0,0.959,0.041,0.8611
"Lake Bled - evening photo. As a tourist travelling your country, I love these colours!",161,5,1679591990.0,"Lake Bled - evening photo. As a tourist travelling your country, I love these colours! ","{'neg': 0.0, 'neu': 0.71, 'pos': 0.29, 'compound': 0.6696}",0.0,0.71,0.29,0.6696
Hello traveling to Ljubljana from Zagreb with expired ID.,7,17,1658415446.0,"Hello traveling to Ljubljana from Zagreb with expired ID. Hello, I have noticed yesterday my ID expired, but I'm travelling to Ljubljana for night from Zagreb, I have document confirming I have requested new ID but it wont be finished by the time I'm travelling, what are chances I'm not gonna be allowed entry, even if I show my old ID and that new document confirming I have requested new ID and 2 way ticket that I'm coming back next day in morning or afternoon.

Edit: Got thru, they were nice and said I could stay for the night evem tho it expired. Cheers and thanks for kind words strangers","{'neg': 0.0, 'neu': 0.841, 'pos': 0.159, 'compound': 0.9612}",0.0,0.841,0.159,0.9612
Travelling to Slovenia,6,3,1651367617.0,"Travelling to Slovenia Hello my dear Neigbours! I'm from Croatia and I'm coming to Slovenia in 6 days, I wanna know what COVID restrictions do you have. Do you have to wear mask in public places and stuff like that? I cannot find any worthy info on the internet right now... Also, is there a big deal with crossing the border?  Pls help! And thank you!","{'neg': 0.034, 'neu': 0.786, 'pos': 0.18, 'compound': 0.8566}",0.034,0.786,0.18,0.8566
Hello dear neighbours! Austrians travelling to Ljubljana.,32,10,1651143295.0,"Hello dear neighbours! Austrians travelling to Ljubljana. I and some friends from Austria are going to Ljubljana for a couple of days in July and wanted to get some tipps from locals. So, what would you recommend we should do or visit? What is a MUST when in Slovenia? 
Iâ€˜m looking forward to your suggestions. Have a great day!","{'neg': 0.0, 'neu': 0.794, 'pos': 0.206, 'compound': 0.9223}",0.0,0.794,0.206,0.9223
Travel to Slovenia if vaccinated,11,10,1615014783.0,"Travel to Slovenia if vaccinated Hello everyone! We live in Romania and love your beautiful country. We took the Pfizer vaccine for COVID in January ( both doses). Is it possible to visit Slovenia and not quarantine on arrival? If traveling with a small child (5yo), is a negative pcr test for the child an option for avoiding quarantine? 
Could you direct me to an official site to get these informations? Thank you!","{'neg': 0.074, 'neu': 0.785, 'pos': 0.142, 'compound': 0.7666}",0.074,0.785,0.142,0.7666
"Ready For Europe? The 20 Best And Safest Places For Travel And Tourism In 2022, According To Travellers",10,4,1645354197.0,"Ready For Europe? The 20 Best And Safest Places For Travel And Tourism In 2022, According To Travellers ","{'neg': 0.0, 'neu': 0.615, 'pos': 0.385, 'compound': 0.8555}",0.0,0.615,0.385,0.8555
Traveling from Ljubljana to Portoroz,3,6,1650467188.0,"Traveling from Ljubljana to Portoroz Im looking to go on holiday in the next few weeks and have come across Portoroz and the area on the coast. It looks beautiful and seems like it would be a good holiday. The issue I have is the airport is pretty far away. I googled public transport options and bus PR A18 9208 0 came up from the bus station in Ljubljana. Is it pretty straightforward to get from the airport to the bus station in the city centre, and then on to Koper bus station? Are there any companies that do coaches or shuttle buses? A taxi would be about Â£100 which seems a lot. I haven't got a driver's license to hire a car but is there a better way? I saw there was an airport in Portoroz but can't find any flights going there.","{'neg': 0.0, 'neu': 0.871, 'pos': 0.129, 'compound': 0.9376}",0.0,0.871,0.129,0.9376
Need help with travel itinerary ASAP!,15,7,1628922111.0,"Need help with travel itinerary ASAP! Hi! 

We are a couple of 24 and 25 years old and are travelling to Slovenia from The Netherlands on August 26 - September 5. We will fly to Ljubljana and go back also from Ljubljana. We have an itinerary in mind but the problem is that we do not have a car, nor can we rent one. We do not have a credit card or the budget to rent a car. So we have to see the highlights all by bus. This is where we highly need assistence ASAP to plan our holiday. Our wishes to see are: Ljubljana, Lake Bled, Vintgar Gorge, Lake Bohinj, Kransjka Gora, Triglav National Park, Soca Valley, Julian Alps (Vrsic Pass), Tolmin Gorges, Predjama Castle, Skocjan Caves, Piran, then back to Ljubljana one day before our flight. 
Please can you help us figure out how to do this with busses? Even if it is not possible to do it all with bus, maybe help us with the best possible itinerary that we can do with bus. 

Thank you so much, looking to hear something ASAP.","{'neg': 0.031, 'neu': 0.838, 'pos': 0.131, 'compound': 0.9668}",0.031,0.838,0.131,0.9668
Traveling to Slovenia from Belgium,27,23,1592225342.0,"Traveling to Slovenia from Belgium Hello

Belgian citizen speaking here!
Me and my girlfriend intend to visit your country this Saturday (20th of June) by car for two weeks.
What's the current situation about travel restrictions and tourism in Slovenia? The 8th of June i read that some europeans (incl Belgians) are not allowed in Slovenia, or they have you quarantined for 14 days. Today, i read that quarantine is only obligated for a list of countries(incl. Brasil, Chilli, USA, Sweden...)
Belgium isn't mentioned in that list.

Not sure what's right or wrong and what to do right now. We already booked hotels and everything. 
Should we cancel it?

Thanks in advance!","{'neg': 0.069, 'neu': 0.906, 'pos': 0.025, 'compound': -0.6256}",0.069,0.906,0.025,-0.6256
Recommendations for a quiet place to stay in Logar Valley for solo traveler?,6,8,1681929449.0,Recommendations for a quiet place to stay in Logar Valley for solo traveler? On the cheaper side preferred. Iâ€™m looking at a couple different farm stays but the reviews say they are family friendly and I would prefer a quiet stay without kids running around ðŸ˜… Iâ€™ll be coming in August and will have a car. TIA! Iâ€™m so excited to come to your country!,"{'neg': 0.0, 'neu': 0.8, 'pos': 0.2, 'compound': 0.943}",0.0,0.8,0.2,0.943
What happens if you 'break' the inter municipality travel restriction?,0,25,1612128972.0,"What happens if you 'break' the inter municipality travel restriction? My bf and I are American citizens and arrived to Ljubljana today from Zagreb, Croatia (we've been quarantining there for 3 months). We have a rental car for one more day and since I haven't been on a hike in months I'd really really like to check out one of the amazing ones in this country or at least drive around and see things before we lose the rental and are confined to the city.

Since this is technically not allowed what kind of risk would we be taking if we go to a trail? Is there a fine? My bf is worried we'd be deported which I really don't think would happen, we have a negative COVID test that by tomorrow will be 72 hrs old and we haven't interacted with anyone yet and don't plan to. We just want to drive in the car to look around or walk on a trail.

EDIT: I seemed to have touched a nerve. I know it comes off as if I waltzed into your country and expected that my needs are met when you all have been locked up for months. I left the U.S. because it and many Americans are driving me crazy so I decided to go to Europe to get away from it, despite the pandemic. I have been quarantining since I left 6 months ago and I get it, it's the worst. Just thought I would consider what I'd be risking if I took a day off to explore when I knew I wouldn't infect anyone else. No complaints, expectations, or entitlements. ","{'neg': 0.1, 'neu': 0.864, 'pos': 0.036, 'compound': -0.9465}",0.1,0.864,0.036,-0.9465
Prihajajo,523,56,1710930992.0,Prihajajo ,"{'neg': 0.0, 'neu': 1.0, 'pos': 0.0, 'compound': 0.0}",0.0,1.0,0.0,0.0
Travelling Slovenia,9,7,1617258905.0,"Travelling Slovenia Hello lovely people of Slovenia! 

Iâ€˜d love to travel your country with my girlfriend in June this year. I hope corona will be a bit more pleasant that time of the year. On the Slovenian governmental website, Iâ€™ve read about the requirements and also saw that a vaccination is required when coming from Germany. Do you guys know whether this requirement is temporary or permanent? I didnâ€™t find any information about that :/ 

Maybe anyone can supply information about that. Thanks a lot guys!","{'neg': 0.025, 'neu': 0.786, 'pos': 0.188, 'compound': 0.9483}",0.025,0.786,0.188,0.9483
Traveling to Slovenia,11,7,1623247515.0,Traveling to Slovenia I am traveling to Slovenia from Bosnia to an education event. Do you know if I will be an exception of quarantine if I get only one dose of a vaccine (because I already had had COVID-19)?,"{'neg': 0.0, 'neu': 1.0, 'pos': 0.0, 'compound': 0.0}",0.0,1.0,0.0,0.0
Travel videos from a great weekend at Lake Bled,10,2,1656689995.0,Travel videos from a great weekend at Lake Bled ,"{'neg': 0.0, 'neu': 0.631, 'pos': 0.369, 'compound': 0.6249}",0.0,0.631,0.369,0.6249
Slovenia Travel Memories - Such An Amazing Country,19,12,1614165728.0,Slovenia Travel Memories - Such An Amazing Country ,"{'neg': 0.0, 'neu': 0.612, 'pos': 0.388, 'compound': 0.5859}",0.0,0.612,0.388,0.5859
Questions about traveling to Slovenia with an electric car,11,8,1656945302.0,"Questions about traveling to Slovenia with an electric car Hi guys, 

I'm from the Netherlands and in a few weeks time me and my family will be visiting your beautiful country for our holiday. We've visited before, but this time we're thinking about using our electric car to make the trip. We are staying in Lendava, in the east.

I was hoping that you could maybe help me with some questions.

- When I check my app with charging stations it seems that there will be no problem finding enough places to charge to reach our destination. One issue could be that in some places the charging stations are often not working. Do any of you know if that is often the case around Slovenia (or particularly the east)? In that case we might need to play it safer with how often we charge.

-  I have a charging card from a company called Plug Surfing. Their card can be used internationally, but do you think it would be safer to get something local from Slovenia as well? If so, which type of card do you suggest?

- Are there any other things I should know about, like non-standard charging cables that I should have?

And finally, if any of you have any nice suggestions for places to visit around Lendava then I would love to hear those as well :)

Thanks!","{'neg': 0.024, 'neu': 0.782, 'pos': 0.194, 'compound': 0.9923}",0.024,0.782,0.194,0.9923
Covid-19 related travel restrictions regarding tourism/hospitability,2,1,1650303842.0,"Covid-19 related travel restrictions regarding tourism/hospitability Hello r/Slovenia,

I'm planning on visiting Ljubljana and I was wandering about the current status of the travel restrictions. From what I've found on the Slovenian official government site, the RVT rule was lifted for border crossings, with prevention measures remaining put. But I'm not sure if the RVT is required for accommodation. My Covid-19 green certificate is still valid, but someone in my group has their certificate expired (more than 270 days have past since the last vaccine shot). So the question is: is the RTV rule lifted for all activities regarding tourism, or only for border crossing?","{'neg': 0.023, 'neu': 0.977, 'pos': 0.0, 'compound': -0.3491}",0.023,0.977,0.0,-0.3491
Travel help: Getting from Ljubljana to Venice?,7,18,1581949517.0,"Travel help: Getting from Ljubljana to Venice? I'm trying to plan to a trip to Slovenia and then see Venice at the end of May/beginning of June.  From what I can see online, there's two ways for someone without a car to get from Ljubljana to Venice:

1. Flixbus -- if I search 'today', I can see that it goes from Ljubljana to Padua and then a train to Venice.
2. Eurorail -- if search 'today', I can see a 9:22am train from Ljubljana that, I think, goes up to Villach Austria (?) and then a bus from Villach down to Venice.   It seems kind of weird to me that there isn't a train that's more direct from Ljubljana to Venice.

Either of these would be fine for me, but I search the last week of May or the first week of June on either site I get no results.  Am I just looking out too far?

Would it be possible to rent a car, with an international driving license, in Ljubljana and drive, one way, to Venice?

Edit:

Flixbus, not flexibus... ","{'neg': 0.031, 'neu': 0.95, 'pos': 0.019, 'compound': -0.46}",0.031,0.95,0.019,-0.46
Traveling to Slovenia from Ireland,9,8,1629455589.0,"Traveling to Slovenia from Ireland Hi! Myself and a few friends are planning a holiday to Slovenia in October. Our plan would be to spend a few days in the capital before going to lake bled. I have a few questions if anyone would be kind enough to answer.

What is the weather like in October? I'm not expecting it to be really warm but I don't want it to be raining.

What are restrictions like post covid? Are things fairly open such as restaurants and nightlife? 

I'm open to any other recommendations anyone might have! 

Thanks in advance","{'neg': 0.013, 'neu': 0.817, 'pos': 0.17, 'compound': 0.9364}",0.013,0.817,0.17,0.9364
Travel advice for foodies,6,11,1567895884.0,"Travel advice for foodies Å½ivjo!

I'll be in Slovenia next week (by car), already did a lot of research and still have some questions.

The first is regarding the highway vignette: I'll enter from Italy, is it necessary to have the vignette on the windshield before entering Slovenia or is it legal to buy it at the first point of sale after crossing the boarder (I believe almost every petrol station sells it?!).

Since it will be rainy next week I decided to visit a thermal spa. I found [this list of spas](https://www.slovenia.info/en/things-to-do/spas-and-health-resorts) but I'm still not sure which to choose (Rimske is my favourite so far). Thermal spas don't seem to be as traditional as a lot of baths in Hungary which were build or influenced by Romans or/and Ottomans. So I'm looking for a bath to relax, a sauna should be available too. Maybe here is somebody who already visited some thermal spas in Slovenia and can give an advice.

I read a lot about that there are a lot of organic farms in Slovenia but it's always pretty vague. Is there something like a catalog of them, maybe from an association? Can you give concrete recommendations? Is the Ecological Market, which takes place every Wednesday at the PogaÄar Square, worth a visit?

Further culinary recommendations are highly appreciated: Beer (will visit Pivoteka Za popen't in Ljubljana), Chocolate (thought about visiting Zotter in nearby Austria), Bakeries (will visit Pekarna OSEM in Ljubljana), Restaurants (thought about visiting Strelec, Hisa Franco, Gostilna Dela...).

 Hvala lepa for your help!","{'neg': 0.019, 'neu': 0.886, 'pos': 0.095, 'compound': 0.9722}",0.019,0.886,0.095,0.9722
Travelling to Maribor for a week long summer school - any recommendations of places to visit?,9,26,1657998489.0,"Travelling to Maribor for a week long summer school - any recommendations of places to visit? Hi, I'll be in Maribor next week and I'd like to get to know any local recommendations regarding what are the things I should absolutely check out - food, shops, museums, tourist attractions. I'm a big fan of street food and local thrift stores - if anything like this exists, lemme know. 

I'll be mostly busy with the summer school during the week. But I have time during the evenings, one day before and after this week-long summer school. I'm quite excited to explore the beautiful city. 

Also, any tips regarding taking/avoiding public transport or weather etc? I'm thinking of extending my trip to Ljubljana for a day or two after the summer school, if I manage to budget accordingly. is that a good amount of time to see LJ? What's the best way to travel from Maribor to LJ? How much should I budget? Any advice or suggestions would be great! :) Thank you.","{'neg': 0.0, 'neu': 0.789, 'pos': 0.211, 'compound': 0.991}",0.0,0.789,0.211,0.991
Travel videos Slovenia,4,0,1614245497.0,Travel videos Slovenia ,"{'neg': 0.0, 'neu': 1.0, 'pos': 0.0, 'compound': 0.0}",0.0,1.0,0.0,0.0
Humble car travel advise request.,7,6,1598780602.0,"Humble car travel advise request. Hello guys,

We are in Hungry at the moment and will cross the beautiful Slovenia in East-West direction and we wanna make one overnight stop in a more rural area maybe on a campground. 

Do you have any recommendations for a beautiful place maybe near some beautiful little town?

Huge thanx in advance, have a relaxed sunday!","{'neg': 0.031, 'neu': 0.728, 'pos': 0.241, 'compound': 0.9434}",0.031,0.728,0.241,0.9434
"Hello Guys and gals, NEED TRAVELING ADVICE",19,17,1596621862.0,"Hello Guys and gals, NEED TRAVELING ADVICE I'm planning to do a road trip From France, crossing Austria and Slovenia to get to Croatia.

as a permanent resident in France, all the official info tells me I can go in & out these countries no problem ( i'm going by car btw). could you please tell me,

&#x200B;

1. the borders are ok & open for tourists ?
2. If yes, what are the MUST SEE places in slovenia

&#x200B;

don't hesitate to give me advice or warning or anything lest that might help.

&#x200B;

thanks in advance, and Hope you have a nice day :D

&#x200B;

EDIT : Thank you ALL for the replies, it really shows how Slovenian people are willing to help. I'm sure i'm gonna love it there. ","{'neg': 0.049, 'neu': 0.712, 'pos': 0.24, 'compound': 0.9793}",0.049,0.712,0.24,0.9793
Anyone here got any tips for travelling to Triglav national park via interrail? Any help appreciated!,1,2,1687803795.0,Anyone here got any tips for travelling to Triglav national park via interrail? Any help appreciated! ,"{'neg': 0.0, 'neu': 0.69, 'pos': 0.31, 'compound': 0.7424}",0.0,0.69,0.31,0.7424
Regarding travelling,5,3,1609448194.0,"Regarding travelling Hello everyone, I was wondering what are conditions to travel between regions in slovenia as a foreigner and if it is possible since i heard there are some restrictions but i cant really find more info regarding that. Also i was wondering what are the requirements to leave the country; do i need to get tested for covid just like when Iâ€™m entering or is it not necessary. Thanks :)","{'neg': 0.105, 'neu': 0.851, 'pos': 0.045, 'compound': -0.5234}",0.105,0.851,0.045,-0.5234
Travelling to Slovenia - update,5,5,1623922439.0,"Travelling to Slovenia - update Background: I am travelling from Bosnia to Slovenia to an education camp.

Since our country has been removed from the red list, what does that mean for border crossing? Am I free of quarantine? Do I still need a proof of residence, or that I already had had COVID-19 etc.

I really do not want to get into the trouble because of stupid COVID-19 on which most of us in Bosnia already got natural immunity.","{'neg': 0.097, 'neu': 0.832, 'pos': 0.071, 'compound': -0.2837}",0.097,0.832,0.071,-0.2837
Travel advice (inc motorbike hire),19,11,1543075062.0,"Travel advice (inc motorbike hire) I have been wanting to visit Slovenia for over 10 years and was able to have a brief visit this year. Though I wasn't in charge of the itinerary, I had a fab time! 

I want to return next year in late July for a longer trip with my partner, and wondered what Slovenians would recommend to a tourist? 

Including whether it's possible/who to go to for renting a motorbike for a few days. 

Also, we love nature, so any top tips for bear-watching trips are very welcome too","{'neg': 0.0, 'neu': 0.824, 'pos': 0.176, 'compound': 0.9399}",0.0,0.824,0.176,0.9399
Traveling to Ljubljana,10,10,1569955761.0,"Traveling to Ljubljana Because of the bankruptcy of Adria Air, we have to make new plans to get from Amsterdam to Ljubljana this Friday morning, Oct 4.  

KLM has a flight to Vienna that we could possibly make.  Is trying to get from Vienna to Ljubljana a viable option?  Unfortunately, I can only speak English.  I'm not sure how well I can communicate my intentions.  

Is BlaBlaCar, GoOpti, or Prevoz options?  I'm having to use google translate to negotiate the Prevoz website.

I would certainly appreciate any suggestions or recommendations.  Thanks.","{'neg': 0.065, 'neu': 0.846, 'pos': 0.088, 'compound': 0.4912}",0.065,0.846,0.088,0.4912
Traveling from Bled to Munich,4,20,1542004092.0,"Traveling from Bled to Munich Hello,

I have to travel from Bled to Munich to catch a plane on November 30 at 13:05.

What is my best option?

Thank you.","{'neg': 0.0, 'neu': 0.795, 'pos': 0.205, 'compound': 0.7717}",0.0,0.795,0.205,0.7717
Traveling Date advice!,6,7,1570779288.0,"Traveling Date advice! Good morning citizens of Slovenia!

I am planning a trip to your capital Ljubljana as a gift for my me and my wife for our anniversary for 2020! I had great feedback from friends visiting your country and after seeing some tourist guides to get a general idea, i think i will enjoy it!

The question is: what is the best season to visit ? Jan or Feb was my initial though but i don't know how the weather will be.. any suggestions ? (open to other dates as well). Oh i am visiting from Greece!

Thanks in advance!","{'neg': 0.0, 'neu': 0.819, 'pos': 0.181, 'compound': 0.9483}",0.0,0.819,0.181,0.9483
Travelling advice!,8,14,1519507757.0,"Travelling advice! Hello lovely people of r/Slovenia!

We (my boyfriend and I) are planning on coming to beautiful Slovenia this summer, but I need your help! We want to do a roadtrip, we're driving there all the way from The Netherlands! Do you guys have any advice about the must sees, what do you recommend for us to visit? Where is the best place to stay (like hotels, airbnb, anything special)? We would also like some places that not many people go to, so I thought you guys are the perfect people to ask for a little bit is inside information! We are planning on spending like 10-14 days in the country, so reddit people, let me know what you got! Feel free to ask any more questions about us if necessary! 

Thank you very much! ","{'neg': 0.0, 'neu': 0.753, 'pos': 0.247, 'compound': 0.991}",0.0,0.753,0.247,0.991
Travel from Bled to Ljubljana,4,8,1545232996.0,"Travel from Bled to Ljubljana Hi!
I am travelling Europe and was looking to travel from Bled to Ljubljana on the 5th of January but cannot find any trains or buses???
Does anyone know why this?","{'neg': 0.0, 'neu': 1.0, 'pos': 0.0, 'compound': 0.0}",0.0,1.0,0.0,0.0
"Alpine village in Slovenia, r/travel nas je prepoznal",36,0,1617703002.0,"Alpine village in Slovenia, r/travel nas je prepoznal ","{'neg': 0.0, 'neu': 1.0, 'pos': 0.0, 'compound': 0.0}",0.0,1.0,0.0,0.0
This summer I visited Ljubljana and made this Ljubljana Travel Guide in 4K about this beautiful city. I hope you like it.,25,3,1670764847.0,This summer I visited Ljubljana and made this Ljubljana Travel Guide in 4K about this beautiful city. I hope you like it. ,"{'neg': 0.0, 'neu': 0.629, 'pos': 0.371, 'compound': 0.8757}",0.0,0.629,0.371,0.8757
Slovenia Travel Memories - Such An Amazing Country,9,0,1602428958.0,Slovenia Travel Memories - Such An Amazing Country ,"{'neg': 0.0, 'neu': 0.612, 'pos': 0.388, 'compound': 0.5859}",0.0,0.612,0.388,0.5859
"Travelling to Slovenia, places to visit, hestitating about the days",11,28,1501754723.0,"Travelling to Slovenia, places to visit, hestitating about the days Hey guys, 
As the title said, me and my gf will travel to slovenia in the last week of Aug. We will have a car, travelling from Hungary, and we want to check as many stuff as we can, including places which are not fed up with tourists. ( if anyone will be available in those days, we can meet up for a beer ;) )
We have the main places in our plan, except the days, how long should we stay at those stops. 
Cuz of the car, we are free to go anywhere, to change plans anytime :)

So here is the plan: 
Around 27th of aug, we would get off from Budapest.
-Maribor
-Logar Valley
-Ljubljana
-Lake Bled
-Vintgar Gorge
-Lake Bohinj
-Triglav
-Mostnica
-Soca valley
-Isonzo
-Predjama castle
-Skocjan cave
-Piran

Ofc, where it is possible, we would camp or sleep in the car. Low budget trip :)

Roughly, this is our basic plan, we just dont know, how many days should we stay in each stops. If anyone, who have been there, and have a few advices where to go / days / anything :)

Thanks in advance !

J.L","{'neg': 0.025, 'neu': 0.886, 'pos': 0.089, 'compound': 0.9245}",0.025,0.886,0.089,0.9245
Soca River â€¢ r/travel,33,0,1527211968.0,Soca River â€¢ r/travel ,"{'neg': 0.0, 'neu': 1.0, 'pos': 0.0, 'compound': 0.0}",0.0,1.0,0.0,0.0
Questions regarding traveling with the bike,6,11,1525769937.0,"Questions regarding traveling with the bike Hello, my plan is to travel trough Slovenia alone for 16 days. Right now I'm leaning towards traveling with my bike. I have a few questions I can't find answers to:

Is it possible to travel trough Slovenia on a bike or do you think it's easier to travel with the bus? Are there any problems with my route?

This is my planned route so far (I need to start in Ljubljana and end in Villach): Ljubljana â€“ Postojna â€“ Koper â€“ Piran â€“ Umag (Croatia) â€“ Ankaran - GÃ¶rz (Italia) â€“ Tolmin â€“ Bovec â€“ Kranjska Gora â€“ Bled â€“ Kranjska Gora â€“ Villach (Austria) I have 16 full days for this trip.

Is there a way to ride the bycicle from Bovec to Gora? As far as I can tell there is only one big road and I don't think bikes are allowed there, right? How are the bus connections for that route? (Same questions for the Kranjska Gora â€“ Villach route)
 
If you drive with the bus, can you take your bycicle with you? Do you need to reserve a place and does ist cost extra? 

Anyways, thanks for your help in advance, I'm really excited for this trip!","{'neg': 0.024, 'neu': 0.913, 'pos': 0.063, 'compound': 0.8246}",0.024,0.913,0.063,0.8246
Traveling from Austria to Croatia through Slovenia. What are the Corona regulations?,8,7,1616086887.0,"Traveling from Austria to Croatia through Slovenia. What are the Corona regulations? Hi guys! 

I have to travel to Croatia next week. I'm using public transport, either train or bus.

I need information on Corona restrictions for traveling through Slovenia coming from Austria. 
Can anybody point me to a website where I can find current information either in English or in German?

Like what do I need at the border? Is there a difference if I coming from Austria and then for my way back from Croatia? Which masks are required while traveling? Anything else that I should know?

Thanks!","{'neg': 0.0, 'neu': 0.928, 'pos': 0.072, 'compound': 0.7872}",0.0,0.928,0.072,0.7872
Slovenia: a brief travel guide | Slovenija: kratek turistiÄni vodnik,14,18,1436295423.0,"Slovenia: a brief travel guide | Slovenija: kratek turistiÄni vodnik http://anotepad.com/notes/5149530

A brief but also rich guide, which I made for all the tourists as well as for Slovenian travellers :)
It is a Wiki-like article with a plenty of links to find out more about what you would like to discover.","{'neg': 0.0, 'neu': 0.739, 'pos': 0.261, 'compound': 0.9413}",0.0,0.739,0.261,0.9413
Travel from Bohinjsko jezero to Bled,8,8,1461848580.0,"Travel from Bohinjsko jezero to Bled Hi all!
I will travel to Croatia and Slovenia this august.
In Slovenia I want go to Predjama, National Park Triglav (Vogel, Bohinj lake and Savica Waterfall) and after I will go to Bled (Lake and 
Vintgar).
Please, there are a bus or similar from Predjama to National Park Triglav (or Bohinjsko jezero) and from Triglav to Bled?

Thank you very much!
Sorry for my english!","{'neg': 0.022, 'neu': 0.882, 'pos': 0.096, 'compound': 0.6595}",0.022,0.882,0.096,0.6595
Traveling Plan,7,4,1491925101.0,"Traveling Plan Day1
London 13:00 -> Ljubljana 16:15
Ljubljana 

Day2
Ljubljana 09:23 -> Lesce Bled 10:02
Lake Bled and Bohinj

Overnight Bled

Day3

Bled Jerezo -> Nova Gorica
Cross border to Italia, 
Gorizia castle, 
Gorizia Centrale -> Trieste 

Overnight in Trieste 

Day4

Visit Piran and Trieste

Overnight in Trieste 

Day5

Trieste bus/tram to Sezana
,Sezana -> Divaca
,Visit Skocjan Caves
,Divaca -> back to Ljubljana


Day6

Walk around Ljubljana
20:25 Lju -> London

-------------------
1. Is this traveling plan achievable? I don't want to rush(traveling with 4 people) .

2. And is there any lockers or space to store small luggages in Skocjan. Because Divaca station only have limited amount of lockers.



","{'neg': 0.028, 'neu': 0.951, 'pos': 0.021, 'compound': 0.0459}",0.028,0.951,0.021,0.0459
Video: Travelling around Slovenia,23,6,1488554052.0,Video: Travelling around Slovenia ,"{'neg': 0.0, 'neu': 1.0, 'pos': 0.0, 'compound': 0.0}",0.0,1.0,0.0,0.0
Question about train travel on Divaca to Koper route.,5,10,1493857897.0,"Question about train travel on Divaca to Koper route. Hi everyone. I'll be in Ljubljana next Tuesday (09/05). On Wednesday (10/05) I'm taking the 8:10 train to Divaca to go to the Skocjan Caves (early train so I can catch the tour at 11). I planned on taking the 17:24 train from Divaca to Koper, but I see there seems to be alternative transportation (Replacement buses?). Here's the [link.](http://www.slo-zeleznice.si/en/component/sz_timetable/?vs=44200&vi=&iz=44352&da=2017-05-10T00%3A00%3A00&showDa=10.05.2017#stationsData#stationsData) I need to catch [this bus](https://crnja.getbybus.com/hr/search-results?dp=1633&dp_slug=kopar&ds=1138&ds_slug=rovinj&Return=0&Date=2017-05-10&Time=&retDate=&retTime=) at 18:34 to Rovinj. 

**Questions**

* Just to make sure I have the right understanding, a bus will be transporting passengers from Divaca to Koper, and not a train? 
* If so, do I have enough time upon arrival in Koper to make the 18:34 bus? 
* Should I purchase this bus ticket online through this website? 
* What can I expect on this bus crossing the border? (I'm guessing border control will check my passport?)
* Lastly, a more general question: How early should I arrive at the train station in Ljubljana to buy my ticket to Divaca? 

Thank you. I appreciate it!  ","{'neg': 0.0, 'neu': 0.935, 'pos': 0.065, 'compound': 0.9001}",0.0,0.935,0.065,0.9001
Cheap way to travel from Slovenia to Italy,3,12,1436119653.0,"Cheap way to travel from Slovenia to Italy Hello everybody,

my girlfriend and I are traveling through Southern Europe. Tuesday night we will be arriving in Ljubljana, but we have no plan yet. We have local friends and I heard so many nice things about the city, so I am sure it will be a very beautiful experience.

I am only looking for a cheap way to continue our travel. We do not have any 'fixed' plan yet, but I am hoping to go to Italy after Ljubljana.

Venice seems close by, and maybe afterwards we should go to Milan?

What is the best / affordable way to go from Ljubljana to (any city in) Italy? I do not mind sharing a ride with people or take a slow train (I enjoy slow travel).

Any advice is very welcome. Thank you all!

(oh, if we could bring something from Ljubljana to Italian redditors: PM me :-) )","{'neg': 0.032, 'neu': 0.732, 'pos': 0.236, 'compound': 0.9913}",0.032,0.732,0.236,0.9913
Travelling to Maribor&Ljubljana: question,5,6,1512073603.0,"Travelling to Maribor&Ljubljana: question Hey r/Slovenia!

I'm travelling to Maribor for 3-4 hours, and for 6-7 hours to Ljubljana.
What places, museums or sightseeing would you suggest for a ""tourist""?
I looked up things on google, tripadvisor and sites like that, but I'm really intrested in your opinions.
","{'neg': 0.0, 'neu': 0.957, 'pos': 0.043, 'compound': 0.2598}",0.0,0.957,0.043,0.2598
Young Couple travelling Slovenia (insider tips),1,12,1473370397.0,"Young Couple travelling Slovenia (insider tips) Hi there! 

We're a couple from Switzerland who wants to travel Slovenia next week. Probably coming from Munich by bus and starting off in Ljubljana for around 5 - 6 days. 

To be honest; We don't know anything about your country but we're curious to learn more and hope to find some beautiful places. That's why we thought why not asking here ^^

If there are some friendly locals or experts we'd be really happy for some insider tips about:


Locations: What are the MUST SEE'S / MUST DO's?

Transport: How's the public transport (Bus or Train?) 

Cuisine: Where are the best, most authentic places to eat? 


We like to take our time when travelling. So instead of seing everything we'll rather just visit two things. We love the nature, small towns with history, Good Food and good company. Mostly we sleep in Hostels. 


","{'neg': 0.0, 'neu': 0.737, 'pos': 0.263, 'compound': 0.9945}",0.0,0.737,0.263,0.9945
little travel video I made with my friends in Slovenia - a beautiful country!,55,1,1587977915.0,little travel video I made with my friends in Slovenia - a beautiful country! ,"{'neg': 0.0, 'neu': 0.552, 'pos': 0.448, 'compound': 0.807}",0.0,0.552,0.448,0.807
I need some travel tips,1,4,1468962729.0,"I need some travel tips Hello, guys. This september I'm planning to go on my first backpacking trip and I choose to do it in your country. I will have aroung 500-600 euros and roughly my plan is to go from Ljubljana to Bled. 

So do you have any tips involving places near my travel route that I should visit (and places that I should visit in Ljubljana), cheap and clean hostels, food that I must try, things that I should do? I don't know exactly how many days I'll stay, maybe around 5,6. All suggestions are welcomed.","{'neg': 0.0, 'neu': 0.945, 'pos': 0.055, 'compound': 0.6249}",0.0,0.945,0.055,0.6249
TRAVELING 1000 MILES TO TAKE A PICTURE OF LAKE BLED,13,2,1598910680.0,TRAVELING 1000 MILES TO TAKE A PICTURE OF LAKE BLED ,"{'neg': 0.0, 'neu': 1.0, 'pos': 0.0, 'compound': 0.0}",0.0,1.0,0.0,0.0
Nursing student travelling to Ljubljiana to study for 3 months.. Very very nervous..,12,29,1458310175.0,"Nursing student travelling to Ljubljiana to study for 3 months.. Very very nervous.. Hello, as the title says im a nursing student coming down to you guys to study, but today I totally panicked.. I have an anxiety disorder but hoped that I would be able to hold it in check before i travelled, but i cant.. 
Do you guys have any comforting words about slovenia for me? What is it like down there? Are you friendly? Any students I can talk to?

Kind Regards,
A scared individual!","{'neg': 0.094, 'neu': 0.704, 'pos': 0.202, 'compound': 0.917}",0.094,0.704,0.202,0.917
